user_id,sale_date,total_amount,payment_mode,notes
2,2026-04-16 18:37:52,79903.0,ONLINE,
3,2026-02-17 20:34:16,52032.0,CARD,
2,2026-03-16 15:02:39,51845.0,CARD,
2,2026-03-13 19:54:38,48155.5,CARD,
1,2026-01-08 15:49:46,49080.0,CARD,
1,2026-04-08 16:35:51,38709.0,ONLINE,
1,2026-01-17 14:39:21,71106.0,CARD,
1,2026-01-05 14:37:44,2702.0,CASH,Remember mouth oil learn kind amount.
2,2025-12-14 19:23:16,38972.0,CARD,
2,2025-12-04 16:14:58,28077.5,CARD,
2,2025-12-20 13:02:35,108868.5,CARD,Report ago whole true lawyer program.
2,2026-02-26 12:47:29,58910.0,CARD,
2,2026-02-26 19:28:23,10373.5,CARD,
3,2026-05-11 11:20:32,14992.0,CASH,Dog here because box a executive if.
3,2026-04-28 20:17:47,49722.5,CASH,Task democratic often.
3,2025-12-03 11:49:46,22562.5,CARD,
3,2025-11-24 18:37:07,56867.5,CASH,
3,2026-03-03 16:57:16,2860.0,CASH,
3,2026-02-17 18:52:39,1852.5,ONLINE,
1,2025-12-14 13:33:49,147690.0,ONLINE,
1,2026-01-07 12:45:14,10396.0,CARD,
3,2026-03-07 19:47:48,3330.0,CARD,
3,2025-11-24 18:53:16,1320.0,CASH,
1,2026-03-28 09:53:51,4054.0,CARD,
2,2026-04-07 12:26:06,38148.5,CARD,
2,2026-03-08 13:16:50,38240.0,CARD,
2,2026-02-25 10:17:53,34496.0,CASH,
1,2026-02-25 13:10:48,2990.0,CASH,
2,2026-01-11 15:17:15,21150.0,CARD,
1,2026-03-09 10:58:01,5550.0,CASH,
1,2025-12-29 15:45:33,16665.0,CARD,
2,2026-04-09 17:08:06,61524.0,ONLINE,
3,2026-05-20 09:56:01,32450.0,CARD,
2,2026-04-23 17:04:18,7011.0,CASH,
2,2026-03-26 14:38:43,418.0,CASH,
2,2025-12-29 18:33:00,6746.0,CASH,
3,2025-12-13 17:54:23,22850.0,CASH,Leader hospital score whose ability sell.
1,2026-03-16 12:09:25,55130.0,ONLINE,Number door meet move suddenly others.
2,2026-05-07 15:06:52,6660.0,CASH,
3,2026-04-29 14:39:42,15788.5,CARD,
1,2026-03-17 19:39:41,41750.0,CARD,
3,2026-01-12 13:03:41,2850.0,CARD,Baby will something Mrs certain.
1,2026-02-11 14:25:47,53495.0,CARD,
1,2026-02-01 13:58:29,33855.0,CARD,
2,2026-04-08 17:49:24,9155.0,CARD,
2,2026-04-12 16:30:49,21550.0,CARD,
1,2026-02-11 10:25:26,65050.0,CARD,Activity put carry teach ten out.
3,2026-05-20 10:44:13,26037.0,CASH,
1,2026-02-08 20:51:25,3845.0,ONLINE,
1,2025-11-17 16:27:29,1920.0,CASH,
1,2026-05-01 14:29:59,41450.0,CARD,
2,2026-02-13 19:00:33,15288.0,CARD,Wrong just assume religious include.
3,2025-12-04 16:08:41,2490.0,CASH,Avoid woman health enter.
2,2025-12-30 18:18:38,21545.0,CASH,
3,2026-03-16 09:20:46,25226.0,CASH,
3,2026-02-11 19:30:52,16110.0,CASH,
3,2026-04-08 09:20:39,5522.5,ONLINE,Why instead past whole.
3,2026-02-04 09:58:42,1657.5,CARD,
2,2026-03-27 09:37:42,25612.5,CASH,
1,2026-04-03 12:41:13,38653.0,ONLINE,
1,2026-02-27 16:49:39,93367.5,CARD,
3,2025-11-17 14:08:21,11775.0,CASH,
2,2025-12-22 13:02:03,18036.0,CARD,
2,2026-04-16 15:06:07,16567.0,CARD,
2,2025-12-10 16:27:32,3200.0,CARD,
2,2026-05-18 10:51:18,30893.5,CARD,
3,2025-12-24 12:20:33,11062.5,CARD,
2,2025-12-26 13:03:45,4245.0,CARD,
3,2026-04-04 15:09:22,570.0,CARD,
3,2026-05-06 10:34:26,1140.0,CARD,
3,2026-03-28 14:24:33,23662.0,ONLINE,
2,2025-12-13 20:54:03,75540.0,ONLINE,
1,2025-12-11 10:05:20,52245.0,CASH,
1,2026-01-13 20:49:37,66737.5,CARD,
2,2026-01-19 11:32:36,20973.5,CASH,
3,2026-01-27 09:19:31,8503.0,CARD,
2,2026-05-12 18:58:31,3033.5,CASH,Born life cell world.
3,2025-11-27 17:27:14,21120.0,CASH,
1,2026-03-06 20:25:00,17002.0,CARD,
2,2026-02-22 17:04:25,70302.5,CARD,
1,2026-03-15 11:51:43,10427.0,CARD,Data a much three same suffer.
3,2026-05-13 19:58:41,26734.0,CASH,
3,2026-02-28 18:09:41,37000.0,CARD,
1,2025-12-31 14:39:49,5064.0,CASH,
3,2026-02-03 12:59:06,12440.0,CARD,
2,2026-01-19 10:20:35,52626.0,CARD,
1,2026-04-10 18:09:20,86653.0,CASH,
2,2026-04-12 11:40:06,34240.0,ONLINE,
2,2025-12-10 09:28:18,23720.0,ONLINE,
2,2025-11-15 18:43:29,80030.0,CARD,Son article message.
3,2026-03-13 18:17:32,8000.0,CASH,
1,2026-04-04 11:17:31,17960.0,CARD,
2,2025-12-15 16:44:38,28807.5,CARD,Lawyer administration American else four report.
3,2026-05-02 15:12:03,24250.0,CARD,
3,2025-12-10 12:28:57,12250.0,CARD,Write must police someone.
2,2026-02-23 19:09:36,17500.0,CASH,
2,2026-04-12 11:41:06,1350.0,CARD,
1,2026-05-20 18:37:33,21230.0,CARD,Town good wear hundred.
3,2025-12-14 09:45:37,6520.0,ONLINE,
2,2026-02-18 14:30:50,11805.0,CARD,
1,2026-03-07 20:19:20,14601.0,CARD,
3,2025-11-06 19:26:12,30645.0,CARD,
1,2026-03-29 09:24:37,25383.0,CASH,
1,2026-01-04 19:05:18,5058.5,CARD,
1,2026-02-23 20:00:16,19317.5,CARD,
1,2025-11-04 13:25:19,24727.5,CARD,
3,2026-03-24 16:13:13,38210.0,CARD,
3,2026-05-16 18:47:28,18490.0,CARD,
3,2026-04-11 17:55:52,3520.0,CARD,
3,2026-04-26 10:40:43,102640.0,CARD,
2,2025-12-27 17:53:20,6250.0,CASH,
1,2025-12-30 15:45:44,31007.5,CARD,
3,2026-02-19 12:01:09,14052.5,CARD,
1,2026-05-02 10:41:31,46706.0,ONLINE,Trip fight senior toward.
2,2026-04-20 18:01:09,46442.0,CASH,
2,2026-01-07 15:04:20,16690.0,CARD,
3,2026-04-06 16:10:11,35775.0,CARD,Ground might behind through spring action.
1,2026-01-06 14:17:52,12926.5,ONLINE,
2,2026-05-15 11:41:33,16787.5,CARD,
2,2026-02-07 12:15:55,3515.0,ONLINE,
2,2026-01-30 18:56:41,1551.0,ONLINE,
3,2025-11-22 11:56:41,43020.0,CASH,
1,2026-01-26 14:25:05,102300.0,CARD,
3,2025-12-15 12:46:27,51686.0,CASH,
3,2025-12-15 09:44:44,71398.5,CARD,
1,2026-03-01 10:50:50,24937.5,ONLINE,
3,2026-02-02 09:23:52,71600.5,CASH,
3,2026-02-03 12:04:26,54279.0,CASH,
2,2025-11-01 19:19:20,41451.0,CARD,
2,2026-01-05 17:19:51,128281.0,CARD,
1,2025-12-24 17:12:32,55397.0,CASH,
1,2026-03-01 16:43:53,22871.0,CASH,
2,2026-01-04 16:47:22,62000.0,ONLINE,
2,2025-11-29 19:25:08,9465.0,CASH,
1,2026-04-27 11:47:05,10335.0,CARD,
1,2026-02-18 17:04:06,66123.5,CASH,
3,2025-12-02 16:36:05,23212.5,CASH,
1,2026-04-14 19:06:48,52210.0,ONLINE,
1,2026-01-03 19:15:11,44010.0,CASH,
3,2026-03-04 16:06:29,2490.0,CASH,Like range human available should.
2,2026-01-11 12:47:46,23765.5,CASH,
3,2026-04-13 09:28:19,66970.0,CASH,Sister research pay prepare near reduce.
2,2026-01-13 14:06:38,2832.0,CARD,
1,2025-12-18 15:29:42,18847.5,CASH,
3,2026-02-03 13:53:26,39353.0,CARD,
1,2025-12-09 11:58:26,2844.0,CARD,Produce bag off character two.
1,2026-04-03 15:45:09,11537.5,CARD,
2,2026-01-29 17:11:32,5275.0,CASH,Along nice end short lose.
3,2026-05-16 20:39:44,1900.0,CARD,Least quite himself reality.
1,2026-05-03 15:10:42,37893.0,CASH,
3,2025-11-28 19:27:54,4410.0,ONLINE,
1,2026-02-27 12:04:58,9095.0,CASH,
1,2025-12-14 12:18:27,6700.0,CARD,
1,2026-03-04 17:01:13,33740.0,CASH,
2,2026-01-28 20:54:07,20250.0,CARD,
3,2026-03-01 16:20:06,5646.0,CARD,
1,2026-02-03 10:29:07,29746.5,CASH,
1,2026-03-15 17:40:20,19905.0,CARD,Within catch check fear girl off mean movie.
1,2025-12-08 11:55:41,11096.0,ONLINE,
1,2026-05-15 20:26:48,15000.0,CARD,
3,2026-02-06 13:15:21,77500.0,CASH,
1,2025-11-02 17:39:56,106152.5,CASH,
2,2025-11-01 15:47:12,3100.0,CARD,
1,2026-01-26 16:23:35,9900.0,CARD,
2,2026-03-12 19:43:06,15975.0,CARD,At top mention discuss.
3,2025-11-06 13:22:21,30207.0,ONLINE,
1,2026-04-29 15:30:37,450.0,CARD,
1,2026-03-28 18:19:05,18801.5,CASH,
3,2025-11-11 10:39:22,4580.0,CASH,
1,2026-02-04 18:52:15,34111.0,CARD,Follow computer walk detail.
3,2026-01-30 10:29:53,24650.0,CARD,
3,2025-12-30 14:00:22,9150.0,ONLINE,
3,2026-02-20 17:56:29,12930.0,ONLINE,
2,2026-02-03 10:39:02,3330.0,CARD,
1,2026-01-25 10:15:13,918.0,CARD,
3,2025-12-08 12:58:08,80927.5,ONLINE,
1,2026-05-08 12:35:05,52500.0,CARD,
3,2025-11-28 11:16:44,125185.0,CARD,Local recent official although employee.
2,2026-04-07 10:40:32,6650.0,CARD,
2,2026-04-10 09:09:40,19797.5,CARD,
1,2026-02-19 15:16:05,1662.5,CARD,Serious level since call available discover.
3,2026-05-07 17:55:02,35900.0,CARD,
2,2026-04-07 13:06:12,38230.0,ONLINE,After democratic professional continue begin.
1,2026-04-23 13:03:10,8170.0,ONLINE,
2,2026-04-23 18:58:28,24417.5,CARD,
3,2026-05-18 15:11:58,25761.0,CASH,
1,2026-05-06 10:55:43,3600.0,ONLINE,
3,2026-04-23 10:46:49,4270.5,ONLINE,
3,2026-02-08 18:37:07,22380.0,CARD,
2,2026-03-05 17:28:42,38812.0,CASH,President power Democrat.
3,2025-12-10 14:21:27,3630.0,CARD,Nice value on form.
2,2026-04-02 17:10:23,10630.0,ONLINE,
1,2026-02-05 15:02:17,13654.0,CARD,
1,2026-02-22 14:02:11,32280.0,ONLINE,
3,2025-11-22 20:30:28,36537.0,CARD,
3,2026-02-07 10:57:32,420.0,ONLINE,Might investment part land.
1,2026-02-12 20:12:23,10636.0,CARD,
3,2026-03-22 15:14:37,7707.0,CASH,
2,2026-03-26 11:26:27,39990.0,ONLINE,
2,2025-11-12 13:31:47,67423.0,CARD,
1,2026-01-20 09:19:12,42060.0,CARD,
1,2025-12-18 15:22:20,93460.0,ONLINE,
1,2026-04-09 19:03:24,3605.0,ONLINE,
1,2025-11-23 09:45:09,56917.5,CASH,Onto word kid next east.
3,2026-01-25 10:56:35,8090.0,CARD,
2,2026-01-25 13:37:00,14560.0,ONLINE,
1,2025-11-29 17:43:44,53133.0,CARD,
3,2026-03-27 19:35:36,513.0,CARD,
1,2026-04-25 14:21:39,133355.5,ONLINE,
2,2026-04-30 13:12:39,2690.0,ONLINE,
2,2026-04-11 15:07:57,47175.0,CARD,Wrong her brother keep treatment ok mind brother.
2,2025-12-24 19:34:36,480.0,CASH,
1,2025-11-30 20:27:14,15650.0,CASH,
3,2025-12-14 11:29:07,28114.0,CARD,Media short property foot.
3,2026-04-21 16:23:44,71857.5,CARD,
2,2026-01-21 11:25:26,52340.5,CASH,
2,2026-05-22 12:39:32,13820.0,CASH,
1,2026-01-10 19:16:39,25000.0,CASH,
2,2026-01-22 14:19:36,2340.0,CARD,
2,2026-04-15 09:29:56,42370.0,CASH,
3,2026-03-12 12:11:42,32325.0,CARD,
1,2026-01-21 20:33:18,28149.0,CARD,
1,2025-11-07 11:16:48,30600.0,CARD,
1,2026-03-23 10:52:06,18480.0,CARD,Person place heart girl successful top receive not.
2,2026-01-14 17:47:27,40042.5,CARD,Commercial easy conference level feel me.
3,2025-12-06 17:44:42,840.0,CASH,
3,2026-04-11 09:57:47,1000.0,CASH,
2,2026-04-28 15:02:03,48755.0,CARD,
3,2025-12-08 16:31:34,63449.0,ONLINE,
2,2026-01-07 11:50:57,30640.0,CARD,
3,2026-01-13 12:03:16,50700.0,CASH,
1,2026-04-25 19:38:41,27677.5,CARD,
2,2026-03-02 19:55:39,11875.0,ONLINE,
3,2025-11-02 15:52:06,59588.0,CARD,Piece who experience perhaps source although way chair.
1,2025-11-27 20:31:17,10450.0,CARD,Would for investment simple pick.
1,2025-11-06 12:06:26,38500.0,CARD,
2,2026-01-16 20:40:55,19497.5,CARD,
1,2026-01-15 14:20:29,18794.0,ONLINE,
1,2026-05-05 16:38:42,3230.0,CASH,House she woman.
3,2026-02-09 17:28:20,5040.0,CASH,
3,2026-04-12 16:29:32,33795.0,CASH,Behavior range beyond how.
3,2025-12-28 12:28:36,77860.0,CARD,
3,2026-04-13 16:06:36,4250.0,CARD,
2,2026-01-20 13:48:01,24795.5,CASH,
3,2026-04-15 19:15:16,15617.0,CARD,
3,2026-04-21 13:00:17,41895.0,CARD,
2,2026-04-10 14:19:20,2600.0,CARD,
1,2026-04-27 10:45:09,16590.0,CARD,
1,2026-03-08 15:19:01,9055.0,ONLINE,Win do true attorney make.
1,2026-04-16 12:01:45,3400.0,CARD,
1,2025-12-14 20:30:02,20190.0,ONLINE,
3,2026-04-23 13:56:53,34960.0,CARD,
2,2026-04-02 11:09:25,1404.0,CARD,
2,2025-11-08 17:55:06,66525.0,CARD,
1,2025-11-21 09:46:27,8725.0,CARD,
2,2026-04-06 12:14:56,3380.0,CARD,
2,2026-04-13 14:01:40,3190.0,CARD,
2,2025-11-29 18:23:51,31520.0,CASH,
1,2026-05-20 12:58:18,11997.0,CARD,
3,2026-03-16 09:50:59,4500.0,ONLINE,
1,2026-01-05 17:11:52,29371.5,ONLINE,
1,2026-02-27 20:05:04,2736.0,CASH,
3,2026-04-21 15:58:41,15104.5,CARD,
1,2025-11-09 18:25:24,21437.5,CARD,
1,2026-03-05 20:35:29,75093.5,CASH,
1,2026-03-07 12:09:25,2465.0,ONLINE,
3,2026-03-24 09:03:22,25587.5,CASH,
1,2025-12-09 19:36:05,37715.5,CARD,
2,2026-03-18 19:28:31,4227.5,CASH,Oil deep specific scene sound.
2,2025-12-31 14:51:30,47548.0,CARD,
3,2026-01-05 14:57:23,14030.0,CASH,
1,2026-03-19 15:32:56,29670.0,CARD,Skill particularly because.
3,2026-01-19 09:51:18,6360.0,CARD,
3,2025-11-16 20:33:52,17255.0,CASH,
1,2026-01-11 09:23:09,18916.5,CARD,
1,2025-11-13 16:21:25,9012.5,CASH,Low system city star new.
2,2026-03-28 10:33:32,32590.0,CASH,
2,2026-02-03 09:46:20,880.0,ONLINE,
2,2026-03-24 11:12:13,36395.0,CARD,Training something five color hold news.
3,2025-11-15 09:50:29,7710.0,CARD,
3,2026-04-08 19:31:55,10410.0,CASH,Sure suddenly political purpose meeting these party.
2,2026-01-03 18:59:49,47780.0,ONLINE,
1,2026-02-11 19:08:41,78355.0,CARD,
3,2025-12-21 11:08:47,7920.0,ONLINE,
1,2026-04-07 17:43:17,61550.0,CARD,
1,2026-01-09 11:49:51,5460.0,CASH,Prepare race data analysis top easy growth because.
3,2026-03-02 17:27:25,2025.0,CARD,
2,2026-04-05 10:11:37,77960.0,ONLINE,
2,2026-02-11 20:24:50,20110.0,CASH,
1,2026-03-09 10:52:57,21212.5,CARD,
3,2025-11-24 11:25:20,11341.5,CASH,Themselves year job prove realize.
2,2026-02-01 11:23:32,22803.5,CARD,
3,2025-12-01 10:08:50,19698.0,CASH,
2,2026-03-29 11:00:30,32572.0,CASH,Say ready cost check response chance.
2,2026-04-29 18:35:27,58775.0,CASH,
2,2026-03-03 20:38:30,1368.0,CASH,
1,2025-12-24 14:52:55,12182.0,ONLINE,
2,2026-04-13 20:28:08,14175.0,CARD,
2,2025-11-03 17:58:20,13260.0,CARD,
1,2026-05-05 15:18:00,13499.5,CARD,
3,2026-02-04 15:02:25,17306.0,CASH,
2,2026-04-05 19:33:56,42560.0,CASH,Team among do customer practice.
1,2025-11-02 19:44:34,52923.0,CARD,
2,2026-05-17 11:22:07,12337.5,CARD,
1,2026-05-03 15:05:38,18290.0,CARD,
1,2026-05-06 10:03:09,2600.0,ONLINE,
2,2026-03-15 14:17:47,3612.0,CARD,
3,2026-03-27 13:30:45,42480.0,ONLINE,
2,2026-01-10 17:45:25,5869.5,CASH,
1,2026-02-02 20:07:36,855.0,CARD,Director indicate every heart.
2,2026-04-16 20:58:49,52800.0,CASH,
3,2025-11-30 13:06:12,80212.0,ONLINE,
2,2026-02-12 09:02:06,3490.0,CASH,
2,2026-05-08 20:30:23,6290.0,CASH,
2,2025-12-15 10:16:55,880.0,CASH,
1,2026-03-02 14:04:11,1995.0,CARD,
2,2026-04-28 09:20:01,2612.5,CARD,
3,2026-02-08 17:43:52,8393.5,CARD,
1,2026-04-01 14:23:35,25342.0,CARD,
1,2026-01-10 16:35:52,57840.0,ONLINE,
1,2025-12-04 18:21:29,95760.0,CASH,
3,2026-03-25 17:16:48,14145.0,CASH,
3,2026-01-13 14:13:23,87742.0,CARD,
1,2026-04-09 19:33:56,98807.0,CARD,
3,2026-04-28 17:35:53,46600.0,ONLINE,
3,2026-05-12 10:53:23,60240.0,CARD,
3,2025-11-17 11:51:35,1980.0,CARD,
3,2026-03-01 13:48:18,61231.0,CARD,College weight common election sound ever.
2,2026-02-18 15:08:41,6337.5,CARD,
2,2026-05-14 18:09:20,58965.0,CASH,Police someone animal according plant pressure.
3,2026-02-20 09:50:44,14805.0,ONLINE,
3,2026-03-16 15:59:33,33200.0,ONLINE,
3,2025-11-20 15:32:08,36499.0,CASH,
1,2026-01-30 16:11:35,21475.5,CASH,Space hand art skin build.
1,2026-01-13 15:44:20,3499.5,CARD,Edge national key change.
1,2026-01-02 18:14:17,6850.0,CARD,
2,2026-02-19 09:20:09,72687.5,ONLINE,
3,2026-03-11 10:04:29,31965.0,ONLINE,More wife great under season various law.
2,2025-11-20 17:05:45,55117.5,CARD,
3,2026-02-06 20:41:15,75143.0,CARD,
3,2026-01-08 10:03:30,33555.5,CARD,
2,2025-11-14 18:58:20,1110.0,CARD,
2,2026-02-24 10:34:43,5887.5,CASH,Far should nice feel former.
1,2026-02-28 20:10:50,1650.0,CARD,
2,2026-04-27 11:18:27,3241.0,CARD,
1,2025-12-08 14:57:58,855.0,CASH,
3,2026-01-21 14:32:53,33556.0,ONLINE,
1,2026-03-05 09:23:43,8400.0,CASH,
1,2026-04-10 16:41:08,5650.0,ONLINE,
1,2026-02-02 12:43:08,89264.0,CARD,Relate news yourself.
3,2026-03-14 15:20:23,35956.0,CARD,On father court bar quite home carry charge.
3,2025-11-13 12:14:00,86357.5,ONLINE,Treatment get knowledge analysis require customer.
2,2025-12-18 12:29:28,19393.0,CARD,
2,2026-05-10 15:18:25,1060.0,CARD,
2,2025-11-03 11:52:29,79020.0,ONLINE,
3,2026-03-30 20:25:06,3125.0,CASH,Role born family guy.
3,2025-11-18 12:36:17,32175.0,CASH,
3,2026-03-12 10:15:40,25364.5,CASH,
3,2026-02-01 19:30:07,5625.0,CASH,
2,2025-11-24 18:29:57,37056.5,CARD,Few together choice even floor.
2,2026-03-16 15:41:06,4250.0,CASH,
1,2026-04-25 13:24:57,23039.0,ONLINE,
3,2026-03-14 12:02:22,71220.0,CARD,
1,2026-02-28 09:56:50,22020.0,CASH,
2,2026-01-11 11:42:56,71020.5,CARD,
2,2026-05-18 16:38:12,19909.0,CASH,
1,2026-02-09 14:02:42,29408.0,CARD,
3,2025-12-25 15:56:51,18067.5,CARD,
3,2026-01-17 09:23:20,32315.0,CASH,
1,2026-04-30 11:12:54,20660.5,CARD,Important society teacher since.
1,2025-12-29 15:40:21,10440.0,CARD,Beat stock discover try.
1,2026-04-06 16:15:50,70555.5,ONLINE,Organization push home employee floor recognize.
2,2026-01-09 12:53:46,27745.0,ONLINE,
3,2026-02-25 17:11:06,17936.0,ONLINE,
2,2026-01-28 20:34:51,21188.0,CARD,
2,2026-05-05 17:09:40,38784.0,CARD,
1,2025-12-18 18:49:15,810.0,ONLINE,
2,2026-05-18 13:35:39,94837.5,CARD,His successful out late really organization factor owner.
3,2025-11-13 11:30:25,18713.0,CARD,
3,2026-03-21 10:13:56,91973.0,CARD,
1,2025-11-18 20:19:24,22355.0,CASH,
3,2025-11-17 20:42:54,4720.0,CASH,Great economy film leader just current major value.
3,2026-04-18 20:00:32,30740.0,CASH,
1,2026-03-13 20:30:24,31777.5,CASH,
3,2026-02-21 11:36:27,110794.0,CASH,
3,2025-11-18 13:57:54,4275.0,CASH,
1,2025-11-23 12:09:09,5138.0,ONLINE,Mother nor truth college give act.
3,2026-03-11 16:35:12,23225.0,ONLINE,
2,2026-02-07 15:16:01,17148.0,CASH,
1,2025-11-11 14:05:58,6520.0,ONLINE,Order yard during require difference cold.
3,2025-11-25 13:01:39,20424.0,CASH,Hotel speak reveal.
2,2026-04-13 17:46:20,24860.0,CASH,
1,2026-02-01 12:10:53,304.0,CARD,
1,2025-12-26 16:18:58,23217.5,CASH,
2,2025-11-26 19:19:34,3346.5,CARD,
3,2026-05-14 09:40:20,108074.0,ONLINE,
1,2026-05-21 19:44:17,50100.0,CASH,
3,2025-12-26 15:55:19,17665.0,CARD,
1,2025-12-31 17:44:04,12062.5,CASH,
1,2025-12-19 13:53:25,722.0,CARD,
3,2026-02-01 17:38:43,23920.0,CARD,
3,2025-11-16 19:37:54,65980.0,CARD,
2,2026-03-14 15:43:24,80897.5,ONLINE,
1,2026-03-02 18:05:23,24987.5,CARD,
2,2026-04-16 16:46:22,28200.0,CARD,
2,2026-01-02 17:25:06,62831.0,CARD,
3,2026-01-12 18:33:31,83435.0,CARD,School course road data process.
1,2025-12-13 19:22:35,7814.0,CARD,
1,2026-04-06 09:17:10,38740.0,CASH,
1,2026-01-15 19:15:32,2062.0,CARD,Cause source girl hair.
3,2026-03-05 20:30:44,7195.0,CASH,
1,2026-05-04 19:44:44,2940.0,CASH,
3,2026-05-04 17:17:01,6707.0,CASH,
3,2025-11-18 14:57:10,55830.0,CARD,
2,2026-05-22 10:16:21,18270.0,ONLINE,Those job alone increase.
2,2025-11-10 20:13:22,67430.0,CARD,Thousand central article least.
3,2026-02-19 13:04:07,48390.0,CASH,
1,2026-03-26 14:22:23,49475.0,CARD,Early she those activity.
2,2026-01-17 15:57:43,7235.0,CARD,
1,2025-12-19 17:42:37,58307.5,CASH,
2,2026-04-11 18:15:40,51495.0,CASH,Cut serious threat phone nice although.
2,2026-03-31 12:07:36,10952.5,ONLINE,
3,2025-12-19 19:57:00,48445.0,CASH,Someone story trial toward energy success field.
1,2026-04-17 18:15:44,2318.0,CARD,
3,2026-01-12 16:42:30,13849.5,CASH,
3,2026-02-11 19:40:04,13500.0,CASH,
3,2025-12-15 17:00:37,54670.0,CARD,Head whom lay occur box check Mrs.
2,2026-04-30 19:31:19,24495.0,ONLINE,Material cold everybody may people than.
3,2026-03-10 18:50:36,59060.0,CARD,
3,2025-11-27 11:21:12,38950.0,CARD,
2,2026-05-12 20:51:35,79167.5,CARD,
2,2026-01-20 13:52:46,1728.0,CARD,
3,2026-02-23 11:10:14,20120.0,CASH,
2,2026-03-24 12:16:04,38092.0,CASH,
2,2026-03-18 12:50:33,14520.0,CARD,Look program career history particular response.
1,2026-01-15 12:33:02,24520.0,CARD,
2,2025-12-28 12:52:29,30355.0,CASH,
3,2025-11-28 13:56:30,22565.0,CASH,
2,2025-11-17 12:45:31,2400.0,ONLINE,
2,2025-11-15 15:37:36,2970.0,CASH,Which specific note owner debate.
1,2026-04-03 15:44:53,840.0,CARD,Growth contain opportunity everybody inside.
3,2026-04-26 11:43:49,3825.0,CARD,
3,2025-11-03 20:10:31,24550.0,CASH,Parent green popular on institution listen.
3,2026-01-12 20:39:13,93914.0,ONLINE,Claim may carry.
2,2026-03-30 20:30:49,42967.5,CARD,
2,2025-11-22 15:18:13,64783.0,CARD,
1,2025-11-29 20:31:02,53270.0,ONLINE,Suddenly mother seven way project.
1,2025-11-10 11:36:24,9001.0,CARD,About card himself administration class guess arrive pick.
2,2026-05-10 20:35:37,29245.5,CASH,
2,2026-01-07 11:48:53,22992.5,ONLINE,
2,2026-01-27 16:01:10,21375.0,CARD,
1,2026-04-24 16:45:22,16986.0,CARD,
3,2026-04-29 16:00:10,54246.0,CASH,
2,2026-04-14 17:05:00,6885.0,ONLINE,
2,2026-04-07 20:19:20,71858.5,CASH,
1,2026-04-15 19:15:47,17535.0,CASH,
2,2026-03-17 13:24:05,5890.0,CASH,
1,2026-05-09 18:34:33,8127.5,CASH,Wall show technology nearly maybe.
3,2025-11-07 11:31:29,61188.0,CARD,
3,2026-03-20 09:21:32,5542.0,CARD,
2,2025-11-02 18:54:50,8515.0,CARD,Experience few control rock build.
2,2026-05-13 14:20:01,2925.0,CARD,Stock popular center degree beat space.
1,2025-12-13 16:37:12,2250.0,CARD,
1,2026-02-08 10:17:08,2700.0,CARD,
3,2026-03-28 14:58:39,22758.5,CASH,
2,2026-01-22 09:53:11,38155.0,CASH,
3,2026-02-14 15:48:22,86246.0,CASH,
2,2025-12-13 20:33:13,60627.5,CARD,Glass sort wife investment course blood.
3,2026-04-13 19:36:01,2250.0,ONLINE,Evidence cause avoid good wish red join simply.
1,2026-04-13 13:28:05,80496.0,CASH,
1,2026-03-31 13:11:39,11950.5,CARD,
3,2026-05-01 10:25:21,31104.0,ONLINE,
2,2026-02-28 18:14:33,41825.0,CARD,
1,2026-02-08 17:25:55,32715.0,CASH,
2,2026-01-07 11:20:00,16363.0,CASH,Season let computer bit white sing cell.
3,2025-12-13 13:21:57,18221.5,CARD,
1,2026-05-15 10:54:35,21810.0,ONLINE,
3,2026-03-02 09:09:39,17195.0,CARD,
1,2025-11-05 19:37:39,27012.5,CASH,Not head finish.
2,2026-05-22 18:09:25,39040.0,ONLINE,Maintain inside away event child involve listen.
2,2026-03-25 15:24:02,13578.5,ONLINE,Head law fall history choose.
3,2025-11-02 19:15:35,51239.0,CARD,
3,2025-12-26 17:48:47,59695.0,CARD,Not key move story together history listen.
3,2025-12-24 18:30:26,72720.0,ONLINE,
1,2026-05-05 18:15:55,3200.0,ONLINE,
2,2025-12-29 10:46:53,16897.5,CASH,
3,2026-01-21 19:35:26,26947.5,CARD,Star TV claim not major clear resource agree.
1,2026-02-01 20:27:24,42500.0,CARD,
1,2025-12-05 16:47:50,132104.0,CARD,Article effort upon.
3,2025-11-14 17:35:39,69322.0,CARD,
1,2026-04-14 18:25:59,27010.0,CASH,
2,2026-02-14 10:59:00,9070.0,CASH,
1,2026-04-15 16:47:02,10243.0,CARD,
1,2026-04-05 09:06:47,49950.0,CASH,Skin her value line.
2,2026-05-09 09:18:19,75133.0,CASH,
1,2026-02-26 18:13:02,405.0,CARD,
2,2026-04-17 14:21:50,8487.5,CASH,
1,2026-03-23 15:40:06,38850.0,CASH,Police need stock fly.
3,2026-01-16 19:11:43,3562.5,CASH,Their direction body within really carry.
2,2026-03-04 17:28:33,605.0,ONLINE,Rise management popular expert ok affect.
3,2025-11-10 10:27:02,43645.0,CASH,
1,2026-05-07 10:57:23,7970.0,CASH,
3,2026-02-18 17:35:10,2940.0,CASH,
1,2025-12-23 14:13:32,32837.0,CARD,
1,2026-04-03 20:54:14,1530.0,CARD,Wind either everybody prove forget check hot.
1,2026-05-21 14:03:56,12933.0,CARD,
3,2026-03-27 14:27:01,11203.0,ONLINE,War commercial process run talk.
2,2026-04-22 17:22:52,18030.0,ONLINE,
3,2026-03-20 09:14:04,47785.0,CASH,
1,2026-05-01 12:29:33,224305.0,CARD,They itself worker power group election plan.
3,2026-04-11 19:27:48,13270.0,ONLINE,
2,2026-02-14 20:29:08,6200.0,ONLINE,
2,2026-03-22 09:15:42,10770.0,CARD,Bill international evidence agreement.
2,2026-03-10 13:00:39,65393.5,CARD,
1,2026-05-10 19:42:20,1050.0,ONLINE,
1,2026-04-11 09:12:16,5490.0,CARD,
1,2026-01-30 19:28:38,38922.5,CARD,Million purpose ready health me part value such.
1,2026-03-18 16:21:46,4480.0,CARD,
1,2026-02-07 10:12:40,3097.0,CASH,
1,2025-12-19 18:33:19,92525.0,CASH,
1,2026-05-21 17:53:29,12382.0,CARD,
3,2025-11-06 10:26:32,83900.0,CARD,
1,2026-04-16 14:27:18,25000.0,ONLINE,
2,2025-12-02 16:10:00,16695.0,CARD,
1,2026-02-25 09:01:43,39525.0,CASH,Difference as shoulder beat clear positive why put.
2,2026-03-23 09:30:12,15440.0,CASH,
3,2026-04-17 14:36:15,71838.5,ONLINE,
2,2025-11-18 13:26:54,7215.0,CARD,
3,2026-02-14 12:35:23,37635.0,CARD,
3,2026-02-09 12:35:44,190.0,CASH,
2,2026-04-18 12:55:00,14985.0,ONLINE,Serious small stay project.
3,2025-11-06 13:24:45,80391.5,ONLINE,
3,2026-01-09 15:42:35,10460.0,CASH,
3,2025-12-22 20:39:06,3825.0,CASH,
2,2026-04-22 19:29:40,14790.0,CARD,
2,2025-12-26 15:33:46,17360.0,CARD,
2,2025-12-26 18:41:58,49470.0,ONLINE,
1,2026-05-17 20:51:09,22323.0,CARD,Force month thousand group stuff turn education.
3,2026-01-25 18:44:46,12600.0,CASH,
3,2026-04-12 10:46:42,58120.0,CASH,
1,2025-11-01 17:55:16,23547.5,ONLINE,
1,2026-04-23 10:47:45,35198.5,CASH,
3,2026-05-08 10:04:59,16523.0,ONLINE,
1,2026-03-20 13:59:06,24620.0,CARD,
1,2026-01-30 09:34:25,11335.0,CARD,
1,2026-03-11 19:36:48,9783.5,CASH,
1,2026-04-28 15:14:41,93915.0,ONLINE,
1,2026-03-08 11:09:15,15800.0,CASH,Some early trip sound Congress.
2,2026-04-30 11:25:18,3681.0,CASH,
2,2026-02-16 13:12:21,27960.0,CARD,Gun anyone car finally in but.
2,2025-12-13 10:09:40,1396.5,CASH,
1,2026-04-19 10:25:23,54263.0,CARD,
3,2025-12-14 18:55:06,2858.0,CARD,Memory expert lot north interview guy already painting.
3,2026-01-13 19:42:18,57070.0,CARD,
2,2026-04-17 20:56:22,85135.5,CASH,
1,2026-02-22 20:16:53,76650.0,CASH,
1,2026-03-15 11:45:52,85354.0,CARD,
2,2026-04-28 14:18:05,11100.0,ONLINE,
2,2026-02-11 12:10:05,17777.5,CARD,
2,2025-11-15 19:17:09,2200.0,CARD,
1,2026-01-20 18:08:46,17878.5,CASH,
2,2026-05-12 19:41:49,3846.0,ONLINE,Dream good up throw question student.
1,2026-03-22 16:35:26,16700.0,CARD,
3,2025-11-12 14:03:54,16125.0,CASH,
3,2026-04-17 17:04:01,8724.0,CARD,
1,2025-12-16 14:36:45,9202.5,CARD,
1,2026-04-22 11:51:33,13227.5,CARD,
2,2025-11-28 20:16:09,35410.0,CASH,
1,2026-01-18 09:55:35,30937.0,CARD,
1,2026-03-05 16:04:43,7400.5,CARD,
3,2026-02-25 13:40:10,35919.0,CASH,
3,2026-05-03 17:30:44,19690.0,CARD,
1,2026-04-20 12:29:16,8120.0,CASH,Money candidate instead stop reduce.
3,2025-12-20 14:48:56,4800.0,ONLINE,
2,2026-05-03 11:50:49,10687.5,CARD,Current relate management result everybody owner between.
1,2026-02-16 16:06:07,21700.0,CARD,
1,2025-12-22 15:33:43,26400.0,CARD,
2,2026-02-22 12:09:02,34650.0,CARD,Trade never war exactly deep season accept.
3,2026-05-09 13:30:53,22703.5,CARD,
3,2025-12-21 14:24:36,88080.0,CARD,
3,2026-04-24 18:55:15,6677.5,CASH,
2,2026-03-11 18:40:53,28785.0,ONLINE,Treatment main produce idea star woman recognize.
3,2025-12-05 11:07:38,28518.0,CASH,
2,2026-03-01 19:29:00,6793.5,ONLINE,Value under various item against story read.
3,2026-02-27 09:32:36,32860.0,CASH,
3,2026-04-22 09:10:42,16385.0,CASH,
3,2026-03-30 17:00:59,43060.0,CASH,
3,2026-02-20 09:32:29,76934.0,ONLINE,
3,2026-04-01 20:13:22,44430.0,CARD,
3,2026-01-06 19:56:08,26960.0,ONLINE,So mention life career organization choice case by.
2,2026-02-23 11:57:17,22860.0,CASH,
1,2025-12-24 13:54:00,8774.0,CARD,
2,2026-02-03 09:20:57,84605.0,CARD,
3,2026-01-03 15:51:15,39491.0,CARD,
3,2026-05-03 15:53:10,65145.0,CASH,Three least father mention on exist.
2,2025-12-05 18:55:58,25640.5,ONLINE,
2,2026-02-18 19:50:21,33745.5,CASH,
3,2026-05-20 20:45:29,18332.5,CARD,
3,2026-01-27 14:04:38,608.0,ONLINE,
1,2026-04-18 20:04:41,54413.0,ONLINE,
2,2025-11-25 09:01:18,10940.0,CASH,
2,2026-05-12 14:54:24,4111.5,CARD,
2,2026-04-24 10:07:01,25582.5,CASH,
3,2025-11-04 19:16:30,55499.0,CASH,
1,2026-04-07 15:35:58,22060.0,CASH,
2,2025-12-15 18:02:42,40715.0,CARD,
2,2026-04-22 20:45:58,24072.5,CASH,Management food season war.
2,2026-03-04 09:40:49,121806.5,CARD,
3,2026-03-16 11:26:22,9980.0,CARD,
3,2026-05-16 15:42:13,58287.5,CARD,
3,2025-12-07 20:09:10,35834.0,CARD,Old smile hospital theory audience the.
1,2026-05-07 18:25:47,77706.0,ONLINE,
2,2026-05-18 17:21:44,20110.0,CARD,Room even drug.
1,2026-04-09 14:51:36,54730.0,CARD,
3,2026-05-10 18:46:03,82622.5,CASH,
2,2026-05-05 13:19:19,53812.0,ONLINE,
3,2026-01-03 12:39:28,2220.0,ONLINE,
1,2026-04-13 09:21:39,11626.0,ONLINE,Least within camera fear Congress camera every.
2,2026-03-22 10:46:44,162.0,ONLINE,
2,2025-11-15 15:59:03,25830.0,CARD,
1,2026-01-11 11:57:34,18563.0,CARD,
1,2025-11-02 17:10:53,8813.0,ONLINE,
3,2025-12-13 19:29:28,5697.5,CARD,
2,2025-11-24 16:31:25,33245.0,CASH,
1,2026-05-10 13:56:47,16800.0,CARD,
1,2026-02-23 09:59:05,21222.5,ONLINE,True your story its describe source ground.
2,2026-02-01 16:14:59,1250.0,ONLINE,
3,2025-12-05 13:42:41,44433.0,ONLINE,Become Mr various close state rich.
1,2025-12-27 18:45:25,320.0,ONLINE,
3,2026-04-28 20:52:45,16660.0,CARD,
1,2026-01-20 11:55:35,2137.5,ONLINE,
2,2026-03-14 17:37:41,47722.0,CASH,
2,2026-02-25 17:15:36,87715.0,CASH,
3,2026-05-03 15:23:54,28907.5,ONLINE,
3,2026-04-22 11:12:13,91470.0,CASH,
2,2026-03-25 18:44:56,23230.0,CARD,Skill score apply hold perform page.
3,2026-03-03 10:13:58,15058.0,ONLINE,
1,2026-03-17 11:49:44,54400.0,CASH,
1,2025-12-12 12:38:39,66560.0,ONLINE,Town guess glass seat media.
1,2026-05-08 13:43:00,25977.5,CARD,Agent Democrat pretty assume because view certain.
3,2026-02-16 16:14:25,1000.0,CARD,Reach whom fight.
1,2026-04-09 18:31:16,62480.0,ONLINE,
1,2026-04-11 16:42:08,1750.0,CARD,
1,2026-03-28 12:28:58,31850.0,CARD,
3,2026-05-21 20:42:02,3210.0,CARD,
3,2025-12-23 19:40:04,10530.0,ONLINE,
3,2026-02-18 20:11:13,7192.5,CASH,Wonder particularly education main feeling interview pass.
1,2026-05-05 18:15:14,13100.0,CARD,
2,2026-01-13 18:42:54,8550.0,ONLINE,
1,2026-02-23 16:41:55,31290.0,CARD,
3,2026-02-10 14:17:32,62669.0,CARD,
3,2026-04-03 09:05:16,120400.0,CARD,And sort join resource together poor easy want.
3,2026-05-05 09:30:35,91417.5,CARD,
2,2026-02-22 09:14:11,81085.5,CARD,
2,2026-04-07 17:44:53,13460.0,ONLINE,Great explain smile.
1,2026-03-19 16:18:02,75010.0,CARD,
3,2025-11-01 19:57:09,20513.0,CARD,
2,2025-11-11 20:17:07,33235.0,CARD,
3,2026-05-06 16:13:11,9782.5,CASH,Knowledge keep size husband gun professional.
1,2026-03-22 14:25:10,5700.0,ONLINE,
2,2026-02-11 17:01:00,67925.0,CARD,
2,2026-02-26 20:05:19,8511.0,ONLINE,
3,2025-11-05 15:14:55,41255.0,ONLINE,He together glass dark speech sister compare its.
1,2026-02-11 18:38:27,1600.0,CARD,
2,2026-04-01 09:54:33,37225.0,CARD,
3,2026-03-12 15:33:49,1080.0,CARD,Mind stay tonight several discover decision a.
2,2026-03-20 10:30:19,58239.0,CARD,
1,2026-05-05 16:22:14,79339.0,CARD,
2,2026-02-25 19:29:30,45750.0,CASH,
1,2026-03-10 20:23:00,48705.0,ONLINE,
1,2025-12-26 09:42:40,26950.0,CASH,
2,2026-02-27 12:25:13,6615.0,CASH,
1,2026-05-06 10:04:35,36786.0,CARD,
3,2025-11-08 17:07:12,13925.0,CARD,
2,2026-02-06 16:11:15,8540.0,CASH,
1,2026-01-08 12:11:52,48700.0,ONLINE,
2,2026-04-23 13:23:45,79650.0,CASH,
1,2026-04-24 19:36:15,9266.5,CARD,
3,2026-02-18 18:35:09,12575.0,CARD,Wonder wait trip still then.
2,2025-12-13 13:50:26,80992.0,CARD,
1,2025-12-30 09:45:47,37575.0,CARD,Letter far concern plant something political.
3,2026-01-10 19:18:17,20151.5,CASH,
1,2026-02-19 18:19:25,29156.0,CARD,Price treat yeah technology whose human forward I.
3,2025-12-24 16:48:50,56675.0,CASH,Job learn majority risk evening run.
2,2026-02-06 15:48:22,26155.0,ONLINE,
3,2026-03-28 15:03:49,11245.0,CARD,
1,2026-03-03 13:22:51,10355.0,CASH,
2,2025-11-12 10:46:05,26092.5,CASH,
2,2025-12-01 14:43:01,12250.0,CASH,Campaign reveal first respond decide.
1,2026-04-20 20:50:16,17059.0,CASH,
1,2026-04-02 17:56:31,32790.0,CARD,Peace view use report phone for memory throughout.
1,2026-01-07 12:47:05,55430.0,CARD,Make short five they skill particularly career at.
1,2026-04-03 10:08:38,6544.0,ONLINE,Report nature set time cup.
2,2025-11-09 14:42:04,19606.0,CASH,Election event plan maybe before foot word.
1,2025-11-07 12:15:59,18462.5,CARD,National cut everyone PM street pay.
3,2026-02-11 09:56:27,10918.0,ONLINE,Reach condition view information.
2,2025-12-13 17:20:07,25117.5,CARD,
1,2026-04-19 11:27:28,29696.0,CARD,
3,2026-03-08 13:45:06,42516.0,CARD,
2,2025-11-23 20:52:17,68145.0,CASH,Certain hard drive through however study.
2,2025-11-28 09:47:24,72850.0,CARD,
1,2026-02-19 10:22:39,25475.0,ONLINE,
1,2026-04-25 12:03:35,23380.0,CASH,
1,2026-04-09 09:15:46,18160.0,CARD,
3,2025-12-11 09:34:33,3690.0,CARD,
3,2026-04-09 10:59:28,47655.5,CASH,
2,2025-12-14 13:58:08,32307.0,CARD,
1,2026-05-07 09:26:26,10060.0,CASH,Television either still prove point sure site morning.
2,2026-02-07 18:51:43,20250.0,CASH,
1,2026-01-17 14:20:00,14750.0,CASH,
2,2025-12-23 16:20:05,4490.0,CARD,
1,2026-02-07 19:57:01,44775.0,CARD,
1,2025-11-20 18:31:53,24606.0,ONLINE,
2,2026-05-21 18:20:58,86508.5,CASH,
2,2026-02-09 11:00:50,55804.0,CARD,Word such base federal debate.
2,2026-04-30 14:10:41,65090.0,CARD,
3,2026-03-20 18:42:30,66445.0,CARD,
3,2026-03-10 16:41:32,750.0,ONLINE,Win story term share class effort street nor.
2,2025-12-13 10:51:55,12250.0,CARD,
1,2026-05-10 10:26:15,1831.0,CARD,
1,2026-05-08 16:26:13,4500.0,ONLINE,Available fire street why.
2,2026-04-02 10:47:56,21885.0,CARD,
1,2026-05-17 12:15:03,53250.0,CARD,
2,2025-12-10 10:24:46,9600.0,CASH,Senior gun whether clearly up foot officer.
2,2026-02-08 15:31:53,33736.0,CARD,
3,2026-02-16 13:09:34,3750.0,CASH,
1,2026-03-02 18:11:41,2648.0,CASH,
2,2026-01-28 14:51:37,50912.0,ONLINE,
1,2026-03-27 18:24:49,2395.0,CASH,
2,2026-04-17 18:51:27,17560.0,CARD,
2,2026-05-16 16:34:32,14243.5,CASH,
1,2025-12-14 11:18:50,58982.5,CARD,
1,2026-05-12 11:20:05,22220.0,CASH,
3,2026-01-30 13:17:23,171.0,CARD,
2,2026-01-06 11:43:31,18905.5,CARD,
2,2025-12-24 17:21:52,71810.0,CARD,
1,2025-11-23 16:07:11,54831.0,CARD,
2,2026-05-16 17:49:41,13082.0,CASH,
2,2026-01-24 18:47:50,40015.0,CASH,
2,2026-03-19 10:05:50,8451.0,CASH,
1,2026-02-01 20:02:14,18426.0,CASH,Site now have opportunity look hand attorney.
3,2026-03-21 11:22:42,59275.0,CASH,Company quickly crime letter.
1,2026-01-18 16:21:21,93345.0,CARD,
2,2026-04-15 13:50:27,11259.0,CARD,
3,2026-01-21 13:50:42,43265.0,CASH,
2,2025-12-06 16:54:34,17330.5,ONLINE,
3,2026-05-02 11:41:19,25020.0,CARD,
2,2026-05-13 17:47:43,20284.0,ONLINE,
2,2026-04-14 18:55:11,41124.0,CARD,
1,2026-02-27 09:52:25,513.0,CARD,
2,2026-04-19 19:07:08,1850.0,CARD,
3,2025-12-21 19:53:08,8400.0,ONLINE,
1,2026-03-09 13:07:44,103380.0,CARD,
1,2026-02-02 15:13:18,88237.5,CASH,
2,2026-05-18 14:13:24,19450.0,CARD,
2,2026-05-05 18:30:31,28400.0,CARD,
3,2026-01-15 16:47:50,45699.0,CARD,
3,2026-03-14 09:21:38,59104.0,CASH,
2,2026-05-09 12:40:24,2268.0,ONLINE,
2,2026-01-02 20:10:37,11600.0,CASH,
2,2026-01-27 10:57:08,32225.0,CARD,
2,2026-03-16 09:45:23,55487.5,CASH,
2,2026-03-16 17:10:23,2744.0,CARD,Speech color new budget build own yeah about.
2,2026-05-22 17:42:20,798.0,CARD,
1,2025-12-19 17:52:38,32905.0,ONLINE,
1,2026-04-18 16:21:54,6200.0,ONLINE,Will worry staff either public.
2,2026-05-14 11:27:36,11250.0,CARD,
1,2025-11-06 14:11:11,912.0,CARD,
2,2026-03-10 14:38:12,9409.0,CARD,
1,2026-02-17 16:17:44,105858.0,CARD,
3,2025-11-06 16:14:48,95152.0,CARD,That still opportunity turn.
1,2026-03-29 16:50:30,22378.5,CARD,
1,2026-05-10 19:54:50,29017.5,CARD,
2,2026-01-01 12:45:25,50820.0,ONLINE,
2,2026-04-09 09:06:00,2995.0,CASH,
2,2026-03-05 16:40:38,64510.0,CARD,
1,2025-12-07 20:14:13,42177.0,CARD,
2,2026-04-02 14:07:48,44325.0,CARD,
2,2026-03-10 17:17:25,2649.0,CARD,
2,2025-12-18 09:51:59,8100.0,CARD,
1,2026-04-08 19:14:33,30104.0,CARD,
3,2026-04-29 11:42:36,45895.0,CASH,
1,2026-03-28 18:58:01,32572.5,CARD,Town step adult.
1,2025-11-27 19:25:33,96648.5,CARD,
3,2026-02-26 19:05:11,53517.5,CASH,
2,2025-12-16 18:46:22,5000.0,CASH,
2,2026-02-13 12:46:11,3230.0,ONLINE,
1,2026-05-08 13:15:40,15008.0,CASH,
3,2026-04-12 13:14:10,8160.0,CASH,
2,2025-11-05 20:01:38,5275.0,ONLINE,
1,2026-01-03 09:20:09,4507.5,CASH,
3,2026-01-01 12:59:22,19230.0,CARD,
3,2026-05-03 18:15:21,3750.0,ONLINE,
3,2026-01-01 12:23:01,30710.0,CARD,
1,2026-04-22 09:56:52,12400.0,CASH,Public community wear risk paper.
3,2026-04-12 15:00:41,3875.0,ONLINE,History fast society general item especially.
2,2025-12-27 13:26:07,14775.0,CARD,
1,2026-03-24 10:48:25,48781.5,CASH,
3,2026-03-03 14:12:26,94495.0,ONLINE,
1,2025-12-06 11:53:08,28230.0,CARD,Eye business into agency behavior.
1,2026-04-23 18:12:13,6700.0,CARD,
3,2026-03-26 10:20:08,19675.0,CARD,
1,2025-12-20 16:57:29,50010.0,CARD,
2,2025-12-16 09:09:00,19855.0,CARD,Choose meet life tonight share born add.
2,2026-05-22 14:00:06,66947.5,CASH,
2,2026-04-21 15:34:59,2536.0,ONLINE,
1,2026-04-25 19:24:32,47495.0,CASH,
3,2026-04-19 20:42:02,48210.0,CASH,
1,2025-11-05 14:20:12,12697.5,ONLINE,
3,2026-04-07 19:14:34,16937.5,CASH,
1,2026-02-10 16:21:12,1259.0,CASH,Present pass buy order.
3,2026-04-15 18:56:03,87213.0,CARD,
3,2026-01-16 16:09:35,58844.5,CARD,
2,2026-04-19 19:33:56,14595.0,CARD,Because chance member really stay my kind.
1,2026-02-07 12:52:28,2025.0,ONLINE,
1,2026-04-02 10:15:05,73264.0,CASH,
2,2026-01-11 18:12:24,31950.0,CARD,
3,2026-05-12 14:09:52,21522.5,CASH,Worry make main nothing.
2,2025-11-14 20:57:46,39940.0,ONLINE,
3,2026-03-08 15:50:56,16000.0,CASH,
2,2026-05-18 18:20:09,2814.0,CASH,
1,2025-12-25 13:16:18,70701.5,ONLINE,
2,2026-04-21 17:31:19,20290.0,CARD,Sure land difference national create look.
3,2026-03-07 11:25:10,23862.5,ONLINE,
2,2026-04-10 20:28:08,3250.0,CASH,
3,2025-11-11 09:13:00,2250.0,CARD,Beat difficult boy.
2,2026-04-08 10:02:08,26370.0,ONLINE,
2,2026-05-11 13:29:05,17311.0,ONLINE,
3,2025-11-01 16:14:39,14871.0,CASH,
2,2025-11-04 14:53:30,63161.0,CASH,
2,2026-02-14 14:43:40,13395.0,CASH,
2,2026-02-23 19:15:09,16567.5,CARD,
2,2026-02-08 14:31:17,550.0,CASH,
1,2026-04-15 15:30:31,50060.0,CARD,
1,2026-01-27 19:42:21,5140.0,ONLINE,
3,2026-02-03 17:20:50,16770.0,CARD,Pretty pick offer step guess exactly.
2,2026-01-01 18:02:04,50045.0,ONLINE,
3,2026-03-11 17:18:59,20106.0,CARD,
2,2026-02-19 11:48:29,78418.0,ONLINE,
1,2026-04-06 19:04:16,20420.0,CARD,Look begin green.
1,2025-11-08 16:08:42,45199.0,CASH,
3,2025-12-13 18:46:01,3803.5,CARD,
3,2026-04-09 13:53:03,880.0,CASH,
3,2026-04-03 13:08:51,900.0,ONLINE,
3,2025-11-02 12:27:56,5720.0,CASH,
2,2025-12-07 18:00:14,42775.5,ONLINE,Project billion huge issue sometimes year.
1,2026-02-17 12:38:23,1906.0,CARD,Short attack look artist.
2,2025-12-17 20:52:52,37500.0,CARD,
2,2026-05-14 15:10:05,24546.0,CARD,
2,2026-04-18 15:22:57,40540.0,CASH,
2,2026-02-02 13:34:51,21128.5,CASH,Week according continue once site assume.
3,2026-03-20 18:09:21,30299.5,CASH,
2,2025-11-19 09:45:54,27125.0,CARD,
2,2026-03-21 17:09:13,4596.5,CARD,
3,2026-02-22 18:41:10,64468.0,CARD,
1,2026-01-09 10:31:13,26425.0,CARD,Western such best bill with.
3,2026-05-21 18:21:59,12138.0,CASH,
2,2026-05-01 10:08:02,11830.0,CARD,Sport much notice deep particularly simply tree.
2,2026-02-27 14:22:16,40637.0,ONLINE,
3,2026-04-26 09:18:38,84910.0,CARD,Very couple after total.
3,2025-11-25 11:36:39,6250.0,CARD,
1,2025-12-31 17:15:03,6485.0,CASH,
2,2026-02-05 16:25:06,81108.0,CASH,
1,2025-12-17 14:20:40,76804.5,CARD,
1,2026-04-16 19:58:29,5530.0,CARD,Ago oil any five.
2,2026-04-08 13:42:04,44652.5,ONLINE,Pass democratic difficult with out past professional.
3,2026-05-22 19:49:36,3552.0,CARD,
3,2026-03-26 14:16:59,2500.0,CASH,
2,2026-04-13 10:12:40,29125.0,CARD,Safe push lead buy beautiful.
1,2026-04-14 19:13:48,6130.0,CARD,
1,2026-04-28 19:19:12,23312.5,CASH,
2,2026-05-03 09:48:31,13705.0,CARD,Author determine senior form because word success.
3,2026-02-10 18:46:33,25001.5,ONLINE,Positive parent structure.
1,2026-04-13 16:23:06,2270.0,CARD,
2,2025-11-08 19:08:25,3562.5,CARD,
2,2025-11-14 16:46:03,7375.0,CASH,
3,2025-11-16 09:22:29,17670.0,CARD,
3,2026-02-20 18:23:32,50775.0,ONLINE,
2,2026-02-23 12:35:43,62398.0,CARD,Where indicate like factor commercial fish.
1,2026-02-22 09:07:32,54933.0,CARD,
1,2026-02-02 11:04:17,9207.0,CARD,
1,2025-12-23 19:23:19,75685.0,CARD,Eight serious quickly conference wide.
3,2026-01-18 20:43:21,14640.0,CASH,
3,2026-02-06 20:00:31,19509.0,CARD,
1,2025-11-29 16:39:06,16560.0,CARD,Watch country what black really everything student.
3,2026-03-13 18:51:59,39600.0,CARD,Artist rise board drive have practice building.
3,2026-04-19 19:33:14,12466.0,CARD,Executive now finally blood perhaps third mission.
1,2026-04-10 18:26:28,1250.0,CASH,
3,2026-03-20 13:05:48,52220.0,CARD,
1,2025-11-30 13:20:29,3299.5,ONLINE,During daughter hold doctor.
3,2025-11-21 09:06:25,10952.5,CASH,
3,2025-12-07 14:22:40,4350.0,CASH,
3,2026-05-21 15:47:46,5987.5,ONLINE,
2,2026-04-10 15:01:45,39600.0,ONLINE,
2,2026-03-18 17:13:17,1187.5,CASH,Seven individual other support structure different decade.
3,2026-03-26 17:07:23,53277.5,CASH,
2,2025-12-05 20:53:13,18622.5,CARD,
2,2025-11-11 12:44:12,2100.0,CARD,
1,2026-02-27 16:27:07,56057.5,CARD,
1,2025-11-04 19:26:27,36728.0,CASH,
1,2026-03-04 09:04:33,21186.5,CASH,Off worker weight perform possible well write.
3,2026-05-01 12:09:18,32970.0,CARD,
1,2026-04-02 09:18:46,22030.0,CARD,
3,2026-02-17 14:10:16,41215.0,CARD,Participant allow along country option money evening different.
1,2026-03-30 10:14:01,20660.0,CARD,
1,2025-12-05 11:25:00,71635.0,CARD,Office voice significant next.
2,2025-12-10 14:16:25,6455.0,CARD,
3,2026-03-28 20:37:59,10942.5,CASH,
3,2026-05-10 11:28:49,13246.0,CASH,
2,2026-04-25 16:55:50,37701.0,CARD,
3,2025-11-27 17:57:25,21637.5,ONLINE,Whether pick when by.
2,2025-11-13 16:20:13,31140.0,CARD,
2,2026-02-13 14:25:44,49060.0,CASH,
1,2026-04-09 12:13:33,21658.5,ONLINE,
1,2026-01-05 20:50:16,12800.0,CASH,
3,2026-05-05 17:52:10,1620.0,CASH,
1,2026-01-25 16:27:59,48398.5,CARD,
2,2026-04-27 19:41:49,26364.5,CARD,
3,2026-04-29 16:21:39,10322.0,CARD,
1,2026-02-01 10:30:12,79312.5,ONLINE,
3,2025-12-12 20:56:31,81854.0,CARD,
3,2026-05-02 13:31:16,22730.0,CASH,
2,2025-11-25 17:46:49,3665.0,CARD,Treatment person world check per tell far.
3,2025-11-21 15:56:45,70326.5,CARD,Since not see college television determine.
3,2026-03-25 12:37:27,20359.0,CARD,
2,2025-12-16 10:09:45,25196.0,CARD,
1,2025-11-02 13:43:14,5115.5,CARD,
1,2026-02-22 18:35:53,46760.5,CASH,Nearly speak might American type trade show.
2,2026-03-24 09:23:59,27172.0,CASH,Difference region again guy.
3,2026-04-24 09:35:44,1282.5,CARD,
1,2026-05-06 12:22:16,19837.5,CASH,
3,2026-04-08 16:54:24,13500.0,CASH,
1,2026-02-26 10:02:36,11079.0,CARD,
2,2026-04-04 11:56:24,7099.0,CARD,
2,2026-01-12 09:25:27,1620.0,CASH,
2,2026-03-20 20:19:52,3110.0,CARD,
2,2026-05-15 16:50:36,11000.0,ONLINE,
2,2025-11-18 17:49:07,16000.0,ONLINE,
3,2026-02-24 18:31:49,10376.0,CASH,
2,2026-04-23 19:03:30,10050.0,ONLINE,Thing travel none process might receive.
3,2026-03-07 18:37:42,17350.0,ONLINE,
3,2026-02-05 10:56:46,42459.0,CARD,
3,2026-03-29 12:47:59,6800.0,CASH,
3,2026-01-23 10:00:41,65852.0,ONLINE,
1,2026-01-22 11:47:56,39910.0,ONLINE,
2,2025-12-29 18:29:17,89557.5,ONLINE,
2,2026-02-24 12:37:29,28412.5,CASH,
1,2026-01-04 20:14:38,162.0,CASH,
1,2026-04-27 10:21:21,2380.0,CARD,Sense book together question but around exactly.
2,2026-02-21 14:38:50,11409.0,CASH,Own can me behind.
3,2025-11-29 09:29:25,29825.0,CASH,Attorney piece stand.
3,2026-05-08 18:03:28,53377.5,ONLINE,
2,2026-05-20 10:25:08,9518.5,CARD,
1,2025-11-23 13:28:37,15303.5,CASH,American fill now ball modern organization run.
2,2026-01-19 18:14:51,11200.0,CARD,
1,2025-12-23 09:19:46,15000.0,CARD,
3,2026-03-28 18:41:49,420.0,ONLINE,
1,2025-12-23 12:26:43,15286.0,CASH,
2,2025-12-05 18:44:12,5965.0,ONLINE,
1,2026-01-05 14:30:46,89510.0,CARD,Wide pick professor.
2,2026-01-06 19:17:00,82996.0,ONLINE,
3,2026-01-06 17:57:00,95185.0,CARD,
2,2026-05-13 15:09:23,11873.0,CARD,
1,2026-02-19 09:31:05,16034.0,ONLINE,
2,2026-03-22 14:13:26,12552.0,CARD,
3,2026-03-21 19:15:58,14539.0,CASH,
1,2026-02-13 18:07:11,20570.0,CARD,
2,2026-03-16 17:47:27,1100.0,CASH,
3,2026-01-09 19:00:05,3875.0,CARD,
1,2026-02-07 10:18:11,18652.0,CARD,
1,2026-01-20 15:13:13,10653.0,CARD,
1,2026-01-26 20:34:02,31485.0,CARD,
1,2025-11-08 09:24:47,3755.0,CASH,
1,2026-05-11 09:21:04,8622.5,ONLINE,
2,2026-02-12 15:04:25,58725.0,ONLINE,Travel guess travel forget around suffer exist before.
1,2026-01-09 12:14:05,59362.5,CARD,
2,2026-01-24 10:08:21,12281.0,CARD,Upon from lose everyone simply show firm glass.
1,2025-11-01 18:15:47,55762.0,CASH,
1,2025-11-25 19:13:04,29922.0,CARD,Follow glass likely available involve.
1,2025-11-03 12:03:48,16724.0,CARD,
2,2026-05-03 20:27:19,10048.0,CASH,
2,2026-03-16 16:47:21,110672.5,ONLINE,His fish ok only write assume wide perform.
2,2026-03-20 15:11:23,81147.5,CASH,
2,2026-03-11 14:33:44,10098.0,CARD,
1,2025-12-10 13:30:21,5105.0,ONLINE,
3,2026-05-17 13:13:41,41373.0,CASH,
3,2026-03-11 16:52:30,30000.0,CARD,
3,2026-02-20 19:13:03,17233.0,CASH,
1,2025-12-08 18:25:53,31616.0,CASH,
3,2025-12-23 14:50:09,50045.0,ONLINE,
1,2026-03-25 11:46:08,11728.0,CARD,
2,2026-03-09 14:54:50,3320.5,CARD,
3,2026-04-27 10:44:48,4014.0,CARD,
2,2026-01-01 18:00:09,17342.0,CARD,
3,2025-12-24 14:37:32,8447.5,CASH,Political night pay first same few.
1,2026-04-07 12:10:09,3420.0,CARD,
2,2025-12-16 20:50:41,11610.5,CARD,
1,2026-01-04 10:35:10,4662.5,CARD,Fact form newspaper especially power test detail.
3,2026-02-14 09:16:07,21110.0,CARD,
3,2026-04-16 11:18:20,52045.0,CARD,
